alphanumeric,name,normaldist,currency,guid,name2,name1,numberrange
P4G6Z1,12,64399,1920.11,B99B8BA0-A273-A3A8-6F35-7A3B9178B65D,James,Gould,14
F1T4B3,2,77260,2796.66,437C7693-8C5B-D972-18EC-553879EBB410,Samson,Vaughan,18
W6G8J5,9,60995,1578.41,643CDCD9-B779-28C6-DA75-54373BC79BE6,Finn,Todd,9
N5E2F7,6,87746,3648.81,F62CF532-79C2-AF5A-6DEA-39615DCBEB6F,Troy,Barker,26
D0P6G0,2,82228,4763.66,2B4D8E77-3052-EA36-79B4-A27AADE57B4B,Cedric,Strong,12
I2H1Z3,2,65297,2219.40,C2843B69-9BCC-717A-7C68-A5722B9B08B0,Quinlan,Holloway,7
F5B3T2,14,75403,2925.31,3B5BBC2B-CBF6-B1A0-246F-A1189EAA3074,Murphy,Mcintosh,19
Y5W8H1,8,55703,3484.86,9577FA8D-1B07-055B-88C1-366E64DDD6C9,Emery,Hull,22
X4R4I4,1,55137,4313.88,41BA5DC0-CA64-9061-3BD9-562B67C3C815,Wylie,Calderon,27
Y8I6R8,17,79845,3389.72,29DAC23B-80D5-5CC4-2262-DA7EC43BD3C5,Andrew,Roberts,30
N4V3E7,7,59818,3172.53,ABCE1E94-F3DF-76BD-1875-19091650A94B,Xenos,Santiago,26
W0N5M9,13,57741,4686.41,783CB614-C9AA-F730-B764-CB6B57DA44E0,Logan,Hoover,27
B2E6X8,3,54767,2396.14,2EE12D51-D31B-7F35-334F-6613E820E6D8,Addison,Everett,28
S0G3M2,1,85842,1735.25,65D13161-3BA4-4228-9A6A-D8611B23075E,Coby,Hubbard,13
K1W6K9,15,57311,3787.14,245E24C5-8D96-B6E9-93B8-32C832156EB5,Brennan,Rutledge,27
I7N2E3,18,62398,3623.38,9229CA91-5254-8984-FB9D-F9B3936185EA,Quamar,Snider,17
A9G3D4,13,53817,4258.07,122C521E-0E59-6C0E-3E9C-6A621AB33785,Grant,Frederick,8
Q1F5Q1,8,79615,1576.14,1620EDD2-5A7E-2929-F457-ED33827BDDA3,Ethan,Key,17
T0T8T3,5,70694,1554.72,3EB9D6D8-0862-D3BD-4828-941EBFD807D7,Norman,Lindsay,18
K8E2Y1,3,84770,4235.94,1B434D69-9680-65F2-3CDF-8172E01CE61D,Alan,Skinner,26
P5B4E4,19,64017,2943.83,BD9E6526-BB90-33F2-15A6-F177313AA23E,Joseph,Kirkland,13
C2E6I5,14,55572,3055.36,4974B2CB-E60C-AC9D-86E0-826CDB58E3D9,Oren,Mcpherson,24
T0Q8Q7,20,87737,3062.35,6A9A9174-ADFB-B142-076F-A841F9585329,Walker,Rosario,12
K7E7H5,19,77000,4867.87,A2EC8D75-6387-AD74-849E-FF74185B3464,Channing,Best,26
N0B2A5,17,53799,2901.65,D784EC42-6AD1-5ECE-D5D3-BEA5727A2C70,Brendan,Sargent,11
V5X3N1,13,73848,3858.01,42B78C6E-F3EB-2F92-2C1F-9055D799A295,Cedric,Herrera,17
P3S4P5,8,79118,1843.90,A277D05E-4D57-4776-CE32-B57C5B74C551,Nicholas,Wagner,17
F6S8F8,2,53257,2544.04,75B42670-255E-267E-114A-022E55C9A9A6,Wing,Cummings,16
M1E5J8,17,71664,3268.52,E99CA274-36E5-61D6-48C8-D9B846882A77,Edan,Macias,30
B1L6E5,9,55049,3657.51,6574AB1B-E46D-22F5-B4AF-9850196D83C1,Isaiah,Osborn,6
W5B2O6,8,75617,4029.73,ABBBD605-E323-C8DC-1793-E58353C1F827,Erasmus,Santiago,9
I4D3D0,5,68673,3741.51,B8E1834B-709C-AA1B-B1CA-95156BA15CCB,Curran,Boyer,19
N1Q7R6,10,62268,4585.52,4C01E946-83CA-B86B-755E-BADFAFCC1D6A,Ivan,Wall,9
B3K6F6,13,58655,4976.82,35F72FBB-E81D-70C1-2E22-9AE30E082C39,Wallace,Gregory,14
A7I5C7,15,60052,4171.91,6438B436-2D81-B9B7-667A-A196F4111E2F,Jakeem,Hammond,28
M1P9Y9,2,69219,1868.59,5CAA98D8-669B-41DC-E7B2-E7E38A1490A6,Lucas,Hatfield,29
Q2N8M4,16,79606,3511.76,0B4C6A57-6E31-ADC8-A498-1A530D86DB6D,Dexter,Case,23
G7N7H5,7,51648,2425.21,CD9C9AAE-A6B7-D2B4-58A3-C1B3EC482276,Amal,Frank,11
I1G2C8,12,72090,2485.56,A97385AF-9762-8CD1-E707-844693E23626,Dieter,Murphy,6
C8G5M4,16,70339,4625.11,922DBEF8-BB1F-F9F5-5B6D-7A28837B39A1,Abel,Wolf,26
W2F9P9,3,75150,4892.14,497E6D86-E47A-BA94-2B54-E5CC597323F1,Kyle,Pope,9
E2Q2B2,13,79309,3158.28,F517CB8C-1AE4-7377-E197-CF8A4AE64E63,Jared,Ellison,18
E4K0L2,7,61693,4306.07,3D4790BC-0749-624E-8C25-268BF58BDDFD,Joshua,Fleming,5
K1S8P5,19,60213,2195.54,61AC9722-4EB4-6988-AA5A-CF79249B7BD4,Harlan,Walters,22
B1B7O6,8,77298,4640.45,EA24D350-4D22-82D3-3F54-C36E3A720DCA,Vaughan,French,21
E6P0X2,9,55923,3223.19,9BA6AB93-EE3E-F09A-BC76-C7A91538C18B,Raphael,Foley,29
F1H1J7,20,82509,2777.82,3BE6CB90-3DFF-84E1-C8A3-9D6E41C9A4A9,Jared,Landry,14
J0B2I1,3,55170,2629.17,E35A537D-C493-6B8D-1EC1-7A3F77EA903C,Keane,Murphy,12
O3E1V4,9,62659,4990.59,8979BE27-52C7-ACE7-2063-9ED5392157C5,Hedley,Tillman,10
E5G4F6,19,80450,2016.29,477A7B9D-89C4-7D89-1C26-9C2960D1A83E,Aladdin,Barnes,7
S5Y9L9,6,53348,3435.68,FAF33808-5BC7-B212-57DE-D81B34462132,Edward,Lara,11
V7N9T7,2,84455,3250.67,C2793D69-1DEF-50B3-7309-CD52777E6F6D,Baxter,Farrell,24
Z2H9I3,4,81909,3707.03,8DF71E76-99BB-86C8-1326-64BD3FEE7C53,Ivan,Davidson,24
S5V1G8,13,53943,2244.36,69F96419-8411-E516-57E8-93F5736B0A57,Lance,Clements,9
V2M2Y2,3,77131,2364.95,6C15622A-E0EB-9545-48B0-574D05BED6B9,Kermit,Ellis,29
U4L2C2,12,52017,2508.06,C4AD4CE4-6390-C5E5-8E89-8A89F91B4A5F,Emery,Bean,12
S1H9F2,1,55194,2361.97,35273BA4-3BC4-2961-4E79-DB37AB16D93C,Denton,Clayton,12
Z1F9F4,20,89572,3221.63,C63A86E6-1A98-30CD-A1A5-D6736977D4CC,Arsenio,Bowman,12
M7K2V9,7,77940,2342.29,D5299595-C6AD-DC72-B267-152A6D9ADA7B,Wylie,Molina,14
Q0A7J2,18,60037,3924.83,83D948A1-E44A-3D29-87CD-86E0AC33BB13,Robert,Flynn,13
P2I0W1,18,70479,3080.19,287835FF-D575-56FE-A39C-5DB9B5E5E40B,Wing,Bell,17
S6P4F4,6,85582,1829.16,934FFEBA-E9E7-E1E8-A861-1C6ABAFD2529,Owen,Cleveland,22
S6I0T5,5,79236,2745.92,75B2E2D3-13C2-4971-4D20-E13B709A4481,Lawrence,Sanders,27
Q7S5W1,19,60094,2175.35,DB774517-AA7A-DC71-5255-1E1A28D72BDC,Jesse,Daugherty,10
I0G1R2,17,68173,2621.13,A6762249-ACDE-8617-722B-795C3B9BA4A8,Harrison,Bass,23
Q5W4Z3,10,87226,4840.17,A70E4C5C-8AB1-94B0-494B-1096B5B9A70A,Lucius,Stark,7
G5O5T4,14,55352,3468.03,9E2BE145-6397-6D83-6BFC-F1FA9E1E1209,Declan,Bush,23
H3B6I8,11,55717,1969.70,67E603DB-A9E0-B44D-1AD2-D97A64268586,Peter,Pate,17
X2L7Y6,7,70456,3270.86,2E4C8C9B-3F71-E9A7-B343-39F6A882C98B,Clayton,Campos,22
P8Z8U5,12,86776,3995.03,B61C7A51-A304-31ED-3AB6-B2A1D7BD966C,Hammett,Wong,19
L8E8S6,2,68913,3024.69,6AF23AD9-4A38-13EA-34D4-6853798EA8B1,Isaac,Rice,11
Y8C7E4,2,76236,4026.48,E6EFD7BB-AB5D-8E6A-7391-E72652BC45A9,Thaddeus,Carver,6
O5Y5B3,14,72589,3277.40,598AE86B-DBFD-E885-4D8C-F5DEEB373413,Zachary,Raymond,18
E6G5K0,14,70868,3645.09,DB75151E-C117-D8C2-E1DA-74F5246FE828,Callum,Osborn,24
T2A3J2,13,81669,4467.65,BC7031F4-364E-C7F5-2836-269802D67067,Moses,Whitney,28
N9A3G4,17,54694,3103.15,D449C41D-40DD-3FA9-2179-741C925C064A,Flynn,Decker,17
H5U1L1,7,69455,4845.50,CED7413C-76BC-A677-F298-CC87FC392552,Graiden,Burke,22
F3D7U9,5,57745,4176.27,792B7488-8518-17EE-C850-52C3A41A012A,Hammett,Pruitt,16
M6Q6M5,10,59234,3777.83,16D92D0E-B59A-8E8E-7A32-7A2578B97EE6,Evan,May,10
V6K2T8,6,75824,3565.75,164407AB-8335-A5A4-B347-7F230EBE481B,Channing,Wilcox,8
Y5W6R1,1,59659,4390.54,ABF847B3-89B4-C245-B94B-5346A9C7ECDA,Ralph,Salinas,13
D4I8B5,18,56430,2491.88,F4C7A4B2-58E4-E3B0-A883-A778615326DD,Forrest,Freeman,7
T1Y6R5,13,70558,1947.11,C6E4798E-E859-1CBE-CA5A-A65A845D682C,Kennedy,Ellis,13
K4J5V7,8,86477,3742.24,E53CAE93-4CD2-4934-7CF0-B1A9144DCBD1,Dexter,Harvey,29
H3U6L1,18,75206,1639.35,7DCCED73-A0D9-7765-699D-E6C6C82DECCA,Knox,Gonzales,11
Q2D6B1,13,80700,3256.03,4E8AACA6-3E66-536D-96A8-750C42F3A380,Benjamin,West,19
O1I1G5,11,63937,1517.27,7E98264A-95A5-3774-D52A-976B76FC6FE2,Zeph,Vasquez,19
H7P2M3,20,56416,3526.55,64C7EBC9-C857-83D4-D657-E994BE1FDF13,Ferdinand,Abbott,26
P2B1G5,15,64023,1975.13,79AC6975-DC65-3F1A-09CD-22384C8CDC5F,Conan,Lynch,18
Q9T5H3,7,50501,2701.57,5F26C3BE-16CB-8442-1A60-6DE7E6C977E6,Daquan,Mcgee,23
H3L6Y9,3,79969,3057.00,4EF2A82C-B175-02B1-D61E-1737E6A99169,Lucius,Durham,20
J2W4K9,7,75315,2209.66,8824AB1D-7C91-D592-B132-D922A949D7D5,Timothy,Morgan,5
Y5P9W6,12,59740,3853.79,E2D1A54A-628F-CC20-916E-C1A1BE73EB31,Emmanuel,Stone,5
H2N1H6,16,87437,1786.08,19851A91-4B42-1FE9-2AFD-1C626F5B51C4,Kelly,Lawson,7
P6T1R3,15,63589,1939.14,2DDCE9EA-AAF8-27BF-1437-1C2DA2696B67,Talon,Wall,12
T2V8J6,14,86838,1641.91,3A5E8B63-7AB4-7AD6-3FA9-241EBAE48654,Oleg,David,28
V1J7J6,7,51937,3553.17,9DA93714-4D18-652F-1B4B-1C9B431CDA1C,Alfonso,Simon,21
T3J7X1,12,63799,2883.73,26471A35-DAC7-6462-2961-B765D937D5DD,Alexander,Lopez,10
Q8T7E6,19,51225,4754.76,10CABCFA-0EC6-FD7A-B775-68FDD578E1AE,Arsenio,Ratliff,5
H2P7K7,3,80569,1568.03,811F482B-9936-EA77-E567-A75344C130D0,Dale,Guerrero,18
O6Q7C8,7,75479,4002.26,72F6D54C-0A7E-3714-FE98-6FE149485265,Zeus,Wilson,25
Z3H7V3,3,53256,4038.24,A582D7C9-3861-A27D-1952-4ED78035E17A,Devin,Riggs,7
R2M2D6,16,88620,3334.17,E699AAA2-DDD3-3705-27A6-36A5EA4D5CED,Lars,Mathis,14
B8G2W0,8,84823,1683.80,992EE604-7397-179A-328C-6E55D5B76337,Edan,Alexander,5
V7J5F6,13,58315,2681.73,56C7D830-274D-8083-779C-E92147C22A46,Hamish,Kelly,16
E5I8L9,19,89431,1898.21,0083F579-2AB7-BC8F-88CD-66969EBA4EE4,Ferdinand,Bailey,29
J2Z6E1,19,87242,3772.18,46807795-BDBE-AB27-B587-5916A9DDADC6,Gareth,Leach,19
S6D7N4,15,80361,2450.81,C552877A-D58C-EA94-D51A-49FD6458234B,Lucius,Daniels,27
U2Q2Z6,17,56138,2311.97,D9696379-44B7-5D42-2E05-2431B23F86B6,Benedict,Vincent,21
J4M2H4,9,76678,1859.67,615E9D1B-4C8D-BDC1-2AD7-8A41F6E5F7A6,George,Gomez,19
G3D2R7,13,74328,3494.65,CC57E7C1-4B23-B864-DB1B-C059A22FE859,Tiger,Brady,13
K0N7S5,9,88705,1956.94,0B783AC2-34AE-8629-3AEA-DBAC35EB141F,Adrian,Lamb,10
J5B5V5,12,69806,1847.86,F13E911B-589E-DB80-99E2-0E385A3440C4,Tanner,Clark,6
O2D4S0,3,83666,4402.72,206C4911-D49D-7693-8349-E4CDC381457E,Brock,Giles,8
J2I0G2,14,77374,1579.30,CC289F72-399F-E7D6-8859-299984C4D4EF,Yuli,Lott,11
N5C2G5,3,67445,4781.40,7C47BE31-27B2-1C7B-BD29-0D7AE316A1CA,Beck,Flynn,23
X4F8J1,13,70683,2226.74,E794EC24-24AE-12A0-B4DF-C6DB5A285D65,Vaughan,Woods,7
Q5J4X6,6,57051,2168.35,0E9AC598-6F17-4DF7-42DF-BCC2E8E2CD81,Kadeem,Mcneil,21
K7U3D2,13,81230,3666.87,1C68087F-C69B-EA8B-7479-B511A55AFB95,Russell,Soto,29
U2Q6I4,5,56715,3686.09,9056C302-2585-3EEE-C775-D39BAA4A09BA,Hedley,Lester,10
J1G4P7,1,58421,2913.25,9A4C9357-4C70-0714-E5BA-3AC95C321BBB,Beck,Ramsey,17
L2Q6F1,5,80463,1934.33,2BC50167-66FB-2B64-31B8-8835620E3848,Brennan,Davenport,20
H6W5N3,15,84909,2256.84,3A29CDA6-227F-9EEC-B92C-DABFD1595342,Kenyon,Hawkins,10
X5X2E8,9,54473,4419.96,9EF65E28-3B5C-C261-FDC3-A5BFCF26D7C7,Clark,Hunter,17
M3I5L1,3,81417,2696.66,AF6F1077-316F-91A4-E117-BD4589F91C59,Uriah,Herman,11
Y5J3R3,3,77666,1508.21,C1BAA739-1159-9245-275E-48C31777969B,Blaze,Cunningham,24
S4C5V0,13,85370,3664.02,A575B1EB-316B-04EC-5630-CBABE6A3A1ED,Ryder,Webster,11
G8V7E3,10,54555,2967.85,488A98A8-6265-568B-A453-E3151B4BCD5A,Prescott,Boyle,30
R4N9N0,15,57532,3566.84,1C7A3B66-85A6-2A91-B503-8A7455591C74,Burton,Wilcox,24
V8X9Q0,6,79102,2579.06,9462C755-A52C-48D4-9237-CE736D25D453,Jerome,Rivers,30
I3T0Q7,20,68843,3177.04,BD52FAFD-7402-8199-3210-7C7833ACE474,Rudyard,Reynolds,30
C9W5P3,4,68381,2614.01,7A795F2B-CABE-6F35-4304-4CAA5C9B82B3,Drew,Wilkins,18
O1G1N9,3,85044,3131.00,3D69E97D-1EAF-6AC1-92DE-FD4D698F618B,Prescott,House,12
D6H3V6,3,82983,2772.81,9F0094A6-063C-8D42-8843-71ED4B54D7E5,Louis,Hayden,7
K3N5R5,8,81534,3416.99,C2868A01-A69D-5B37-DBE1-EB79B5C7A21E,William,Haney,24
J4B3Q0,7,79964,2971.67,ADAE3CC7-56A6-08FD-4841-8254E757A8A2,Marvin,Riggs,26
T4C5H2,11,67819,3872.83,72406C31-8120-518A-E49C-2D7CAFE86B5D,Cody,Morgan,5
P6I6J6,12,70496,3871.17,BD18FF22-5CD0-D917-5ACC-6104EBBA48D9,Macaulay,Barlow,26
E5X6V5,7,70687,3942.20,1BA989CA-153E-630D-7A37-C5E809CFA244,Eagan,Mcfadden,26
D2V8U6,14,80158,4067.62,43E71661-D4D1-D3AD-5BAB-561A9023557A,Harper,Clayton,20
G4E5S4,5,67154,1595.18,4D5BEB24-4E8B-8A34-4B3F-19C8C714F4DD,Wesley,Dixon,22
I4X2Y3,19,53262,4955.80,137D94AA-6198-8A9E-35FD-ACDDCED12934,Harrison,Mathis,11
P1L2Q8,9,82701,3758.40,6C106721-E51C-8723-D8B1-A0E44B40AA14,Acton,Mcfadden,14
L6C4B6,3,70035,2510.77,577DA266-E722-6F56-ADEA-5DE5117EFC28,Colorado,Mcneil,30
O1G6O3,14,77402,3012.68,B14CE22D-E4AE-E43C-9518-35C873D70D41,Kane,Raymond,19
V3H1Q1,19,52650,2894.50,6C919520-4157-B7A8-A24B-7A836B78BEC4,Wylie,Nicholson,18
H5B2F5,8,73674,3408.62,8C321187-DCE6-5343-6D38-15B112A0AABD,Jack,Sandoval,26
X0V7L1,13,81085,1719.69,2EDE2B07-24CB-BA6A-C6C2-45EEC4588A97,Ethan,Burris,9
G2X6J8,13,52550,3330.50,C36567FD-B65C-79E1-87B3-D1517D979C76,Vance,Spencer,22
W1D8I4,7,59677,3016.44,91939A90-7AD6-E3C3-8D9E-E5671133BBD1,Xenos,Swanson,20
S1P5S8,20,73306,4053.93,0949FC5A-AC3C-ECDD-E507-D69F472E67AE,Mohammad,Carr,25
L4L6N6,9,89284,4021.53,5841F4EC-63FC-F47C-E9D5-5D7CE341194D,Price,Holman,28
I8L6S1,7,61327,2213.25,A5A216A7-93E0-9719-0709-DB62EC1A8CD1,Sylvester,Bentley,6
C2G7F4,14,84081,3714.41,1483F22D-77D3-685B-186D-311B22020A60,Aaron,Wilcox,21
K8L6Q5,13,83792,4809.65,C20285EC-C05E-865E-1140-C398F2B49125,Arthur,Owens,11
H6B2P3,9,88043,4576.08,A7CC4C75-0ACA-05FA-D23C-32852781EE1D,Coby,Rollins,25
R0S7H1,8,88476,2774.27,FA5E01B4-B049-878B-C98E-766ED57C3F97,Hamilton,Montgomery,21
D8D6I0,3,87312,3812.49,A9568E48-A84A-6E17-D560-3DA17D2D3A46,Octavius,Cline,24
P6H3T6,17,76937,1812.01,81B3989A-3923-A233-BC2E-B7EAD948DC1D,Kenyon,Cotton,18
Y0B1J8,17,69053,3007.60,317DFAE5-111A-59C9-22AF-4297377EAE18,Arthur,Castro,19
Y5D7G4,17,75299,1801.22,6CB119D6-0B1D-211A-E339-A223BF9489B4,Isaiah,Richards,15
E3N3B9,6,85202,4525.53,2E7DD64F-BCA7-36FC-CABB-73D589B81C9C,Lane,Barnett,21
P6N7Q6,16,86525,1754.33,A2EE8AFD-9FB1-C92A-6E1C-F94DA6C64D9A,Brody,Mcpherson,11
T8J1Q0,7,80286,4000.18,CE365C15-9034-6C02-E635-466D98D89012,Price,Ball,19
B8B8V5,20,89092,3375.86,5C728515-C4A0-DDE5-CB62-2A5999747FFB,Cole,Barrett,15
C5J5T6,7,73682,1689.17,66D1B3E4-1C67-2662-3A32-4464D74E75C2,Adam,Miller,6
I5E7A5,4,82786,4795.73,FA721732-8A71-1000-B48C-5244133821C9,Hu,Farmer,12
R9D4Q3,18,62086,4711.24,591DDB8E-2C1D-A1E4-8D40-89AC8A61AFFB,Jasper,Beck,17
N9P8E9,2,60056,2652.34,D56635AA-4178-E241-51FE-894DA04686C9,Alexander,Forbes,11
Y1C8Y7,8,51666,3681.34,CFA32B14-498A-CC23-B650-04A404542334,Jack,Garrison,20
Z4U4L3,3,50075,2195.73,315059C3-ED5D-36FF-C3AE-3CED7286979D,Kasper,Murray,6
K8G1L6,1,65719,3976.97,56D5578F-B772-2819-3CE9-B1B4A1B68B71,Roth,Bond,5
S6X0X1,5,72545,4289.02,CB65C686-9A71-6BBE-B8D3-A4E52E00DDAA,Bernard,Hopkins,22
U6G6F4,10,55909,1653.65,D149F882-76E3-5DF5-F1DB-87851D4A95BC,Ahmed,Leblanc,11
W7U9L9,14,84906,4244.90,633BC762-0B9F-C3E5-2AAB-2C7EA907799D,Holmes,Boyd,29
B3Z7J8,19,64183,3898.92,4D1536DD-4152-E765-1341-C967D5A70692,Victor,Patrick,8
U7H1X6,10,66230,1945.09,42E5CBC2-434C-B784-9960-230B2878E73B,Ferdinand,Burns,7
W4H7S7,8,78569,2764.83,5AF6B9A3-8F86-DB38-4B2A-18272D820447,Rigel,Vazquez,28
R6S7G6,7,81471,2825.38,D0CC2591-4A67-6923-C6B5-5AB93663F941,Murphy,Horn,23
T3M6T0,7,85734,4178.98,A316E194-AED1-4356-8E03-016590E8D68C,Tarik,Stokes,22
A6I3B4,3,77658,1908.83,ABAFFC52-8A3A-D28D-A4ED-ED53B7C9BA0E,Calvin,Pena,19
M4H0T2,16,76785,2027.50,CBF6AF9D-9B29-3872-EB89-274043D7E8F1,Abel,Vargas,6
C3E4V8,15,80876,2140.42,2D45C436-5E50-129E-5EDA-C76EB4C621B7,Colt,Cobb,12
V8I9U5,9,65434,4789.89,5E3978A6-32EE-1983-D6C7-E6CEDF2AE7AE,Vladimir,Daniels,5
G5Z6S4,10,68344,1731.53,E477B179-31B6-1E86-4D3D-D867B6F878F8,Deacon,Duke,6
E4O2J9,8,54598,4242.06,8117641D-7C8D-C8D9-E1E8-1E19BABC54EB,Cyrus,Bradshaw,25
X2P0Y5,11,69910,2929.00,1E115D96-E384-DCD2-CBF6-5CB57F8E6E12,Samson,Brooks,29
S5U3L6,14,76407,4472.19,2DA6AC9E-C654-99F1-2125-1A8AF3A4E674,Chadwick,Sweet,20
Y1R7B3,4,82960,3183.03,0655CBC1-D5B0-3D22-2347-79375D1468C7,Alexander,Soto,20
C4P1R3,18,57794,1917.72,1CCBA361-7A82-C157-1FC3-35E3AAC8E8D9,Avram,Paul,10
Y6R2P2,5,76834,3442.04,5949E4CB-AC04-4ED9-6361-C9D0E72011CD,Reese,May,26
B6P8F4,9,64583,4649.30,77B17436-C994-1F4B-4CCF-27A6278169B2,Akeem,Chapman,8
N3U7P1,7,71712,3277.48,CE47BCA6-8FE4-4421-3DC1-CD794C5DA9DC,Oleg,Todd,14
C4X6G6,17,50653,1983.36,9C5E741C-4127-66C7-3FFE-647A786F7366,Blaze,Freeman,9
V2N3X8,19,60850,1884.13,787794C6-6D6F-7102-A71D-0A3ACA3C171C,Malcolm,Vasquez,27
S1C8I7,4,79748,2625.60,62A1582A-3C9C-6832-A184-A5BC6520CAD3,Nolan,Fletcher,7
O7V5B8,17,74646,1897.71,71CE7237-5649-88EB-E887-6B8B4097A3E8,Griffin,Burks,10
Q1L7F5,15,71480,2647.34,CAC92C86-4C4D-88AB-E397-07EB9882AC2D,Kasimir,Lynn,15
H6P3K9,12,64575,4282.92,D8A6AA71-B2CB-4179-8F5A-9686AD2DBD38,Dillon,Decker,8
U5G7L5,9,78603,1849.58,9319EDF6-69BC-E88B-CA81-8E84B3A493AA,Arthur,Meyer,6
B8Q4R2,14,88368,4196.00,C6FB020D-A273-44E5-C636-A9292A94D80E,Calvin,Travis,27
W6Y7F9,8,54389,3260.00,1EDDCDAE-CB09-46DD-495C-3C653399DC87,Dennis,Hodges,6
W4Z1B9,10,74770,3920.03,515577AC-6DD7-E32A-EC3A-ADAA50819903,Kadeem,Mcintyre,27
L4O7M4,11,85637,4360.51,09849269-811D-A169-9AE4-405D95626AB2,Cooper,Delaney,11
S5B2R8,11,69443,3109.66,489A578B-BB74-99DC-56E4-3B76433274E0,Timon,Riley,28
M6C4N4,20,55911,1704.24,75ABBB74-6692-77B1-BDE1-BB2F54229F43,Kyle,Jackson,7
V6F7N7,2,88934,1633.50,8DB73668-AF1C-51D2-874E-214C84BC2A5F,Geoffrey,Olson,22
S3H1X5,14,73305,4483.61,120ED78D-4332-C589-E6A6-5879B93A6E91,Tate,Faulkner,25
N1J4U5,5,82212,4826.75,A5CE2200-6BDD-8F86-C315-86D339BBB456,Neville,Craig,24
W2N8B7,11,76759,3376.48,A36CC8FE-59C0-78C4-ACF9-756F611ED8F3,Carson,Hanson,24
A4C3C3,14,59807,1969.68,7EBC73D9-CE45-B0DA-DDE2-5418245B3A24,Yardley,Galloway,27
U1X4D6,10,51201,4702.37,30311762-225B-9C6C-BCE5-32BEC559E5AC,Plato,Emerson,18
E2A1R9,14,66861,4993.20,21B787A6-530E-8666-829F-8AA3DDCBD193,James,Hendricks,12
W1G8P1,19,63705,3934.65,5729DC6E-776B-3DDA-5A7A-43652AE7DE9D,Jacob,Barber,19
D8S8D4,3,89987,2471.97,2335342D-21A2-8E71-65D4-74EFAFC118E2,Aristotle,Nelson,25
X4P0W2,18,66068,4288.36,B11AA600-B016-3BDB-E832-4C20B25A4F49,Quamar,Britt,14
H8T5X5,6,57483,3195.62,0E57D7FE-8AA4-77C8-C87A-17EEA7E6D3B8,Tanner,Wiley,11
V3J8K9,3,77356,3630.60,7C630E5D-4B59-F593-C7C7-1CCB77604986,Aquila,Norman,20
T3B6W6,11,69260,4796.21,16A56681-6531-AE63-EA36-2B8291EC336B,Ross,Garza,19
D2G8Y5,4,60796,3605.81,F6DFD196-46E7-C70E-E236-3129D64E2CBB,Macaulay,Valenzuela,25
P5M4K1,2,68882,1861.29,4117AAEB-7BA1-1913-F490-34238336E6DD,Camden,Boone,26
Q6A4N4,20,55005,3711.83,232FD222-85C6-9463-A8CA-DD886D6553BD,Elton,Abbott,15
Y8Y9E8,1,87301,4149.59,CB793F94-1393-557B-5E49-19F74DB9B28A,Kelly,Monroe,11
S8R0L9,16,57937,4593.74,7959B64A-2BDE-A49E-B2E9-27AB639CA793,Zachery,Nielsen,17
I2X5T5,9,88839,2993.46,34447712-14CB-631E-D99D-ED6790258CDE,Calvin,Bernard,27
K7X8Y2,5,72038,3530.82,15221420-A58D-EB71-0BBD-BB5BD7AFEDDE,Brent,Short,18
M8V4Z2,9,52027,3385.19,148F5CA2-4BC8-8D99-0387-ABED177A7AE9,Fritz,Long,27
X3O3N1,3,76204,3652.11,819EAC15-0DD9-C8A5-EBDA-C64E7657225D,Calvin,Hardy,10
P0S0P6,8,63005,1979.79,BE8F6D54-6255-CC8D-15A7-F5ACA4CBA2FE,Sylvester,Cooper,8
V9B3D5,16,62255,4351.27,3AC04684-16C2-9930-4064-D3595556F175,Micah,Garrison,15
D5T7I8,20,70332,2408.99,97BB879E-A4FA-18D3-D959-7CE0AA6C1348,Adrian,Greene,17
Z0N8D6,13,65100,2060.18,A84B1627-87ED-5288-32C6-1E2CB969F9D2,Ulric,Stokes,8
W6I3X1,16,60016,4358.27,7AD7FE9D-D6A6-1476-6B33-A77B9A513857,Dorian,Sellers,8
C7Y5J5,19,73061,3451.71,73BEE354-EFAC-0331-EB49-8E8011E3E193,Uriah,Singleton,25
E7R5V2,17,57467,3939.36,16311A4E-B338-E690-608E-CA360ABFD410,Sylvester,Avery,29
I1G3Y6,5,75578,1754.24,E9D2DAA5-F603-AC74-2332-0116A2C31652,Grady,Weiss,14
E1M3H4,16,79005,1740.25,87E8A5D6-5958-7585-55E9-A8F78B07A2E2,Kenyon,Armstrong,21
B3T8R8,15,52895,2232.37,4E734DB4-C558-24E3-3BBD-4A8E98C5D342,Hiram,Strickland,26
K4M5Q1,12,53569,3405.10,644DB53D-AE18-2B7C-F55D-8483B9746987,Clayton,Fischer,17
Z8N6G7,19,62725,2567.30,6A9399A4-EB6A-EF8A-DB1C-617EA42D686C,Carlos,Mcfadden,28
E3I7V7,19,80272,2849.08,B14675D9-97E7-72D2-2563-EEC4023A9BD1,Victor,Henry,22
T1H2V7,14,71088,1890.64,934E6341-8FC7-2C28-CD90-BB92349DAFAE,Ross,Barry,6
C8T4D3,13,55268,3567.50,215BD5D9-92A7-F5CA-E45F-957C7C8C3D57,Murphy,Stafford,15
L8C7S5,14,73102,2132.42,EC4BA266-DBB4-3806-DAEE-18EB9609D288,Kennedy,Parker,24
F3G2N7,8,78580,2993.70,BA557B36-2375-04A2-B81E-FA65C03BE022,Brody,Page,11
X3O5D9,14,79037,3422.49,3EA0D9CA-5E4E-C5C3-D464-4F1992E44E91,Tarik,Hahn,11
O5R4W2,11,50465,3007.27,390911A6-3323-7457-01EA-2553D12C6725,Zane,Glenn,24
N8W6A1,15,54236,3024.56,E264BA72-34DB-E111-81FE-DDD0C66011CA,Kasimir,Osborn,16
V8E1L2,4,79759,2409.10,8BA71FCE-BD26-D8E9-F341-B7F2A7A55781,Lyle,Bernard,15
C7P2G3,13,56227,2600.60,7FE53DB6-4D71-411A-7C46-CF9EBBAF81A1,Cedric,Dickerson,28
D6X1E2,9,50051,3228.51,CB2EEB9B-4913-0336-B371-AF34BAFE42AD,Wing,Foreman,27
C5R4N6,13,66713,2686.77,D57D9935-0EEF-AEEC-A904-52458498F289,Tyler,Mccormick,30
O2X3R7,13,84159,3082.51,95A328EB-0DE6-6E24-21A5-76494B4CFFED,Oren,Jimenez,19
W4M8S8,1,52204,4058.03,09BD56CE-9BFD-36C8-A248-B1449E7D7CC9,Linus,Blankenship,13
F2W6D7,7,89896,3217.52,EC54F63C-90C8-CDA4-77D2-B7593254C25B,Stone,Wooten,17
D6A4R8,15,82033,4883.53,471E9DC9-3AA8-4C47-E346-27975362B26D,Holmes,Wiley,12
Z4K8D6,3,85823,1865.46,D8432E9D-9ED3-547C-025B-AC709C31A9C3,Hedley,Kane,11
E3N1C8,18,67388,3056.31,F62EA695-B43F-8B4B-3731-268E4DA146AF,Branden,Wilson,29
U2O1P4,13,87625,1761.95,1005D383-D447-2687-998E-713875A1A3C1,Philip,Welch,19
L2B9B2,2,61324,4076.19,92CE916A-67B8-29D3-BA28-E9AABA042688,Jelani,Witt,18
J7O3G1,12,50071,4663.43,566C1AD9-04DF-C44A-F54A-952BA1BC922D,Gary,Silva,24
P4T4X8,4,69632,4925.00,3835850B-A855-C578-DA58-86A25F3FBCB9,Dominic,Rosales,27
W5I4O9,19,67675,3672.83,CE4516AE-F420-725C-35D9-2C69229984F1,Graiden,Alexander,30
E1Y3K4,7,54631,3726.10,75C9E1D7-6611-82CE-F454-D33E3897E3CA,Donovan,Patterson,24
O8A6I1,7,66821,4535.94,4B7A61D7-6AB1-9F2E-E1FB-5C8B99E643C8,Brett,Wilder,13
J6N3A3,10,79349,4252.72,1A7519AC-05F6-FE9E-A58A-736EDA27A4DE,Basil,Humphrey,29
D1N8T5,17,64207,1938.23,D4A134D0-C786-92C3-19ED-E7E83D7A62AE,Fitzgerald,Tanner,18
O9U6Q8,2,89073,4795.31,1092BEAA-71A1-3CF9-87B0-27EBEDD292E8,Drew,Kennedy,10
D5T6M5,19,54311,3326.99,1CB36C68-8EFB-33E5-515B-8B49D33F0E3C,Uriah,Lee,25
O3W6G3,10,61895,4497.36,6DDB9D1A-4806-0044-15DD-C805CBB99BDA,Knox,Drake,8
R1D9S6,18,72026,4504.58,C267B8F6-7DD4-BAEE-8878-B4D51313AA9A,Clarke,Sellers,27
M9J3G5,6,51925,2730.62,B9249C79-16FE-E8CC-5CB4-937E0E6A2773,Owen,Mathews,13
E2Q1E3,7,69926,2324.13,45175AE4-76AE-082E-C964-72FEA9FD6358,Cody,Mcfarland,9
B9C7A2,6,69390,3743.71,F246819F-D774-E315-87AE-F687D1CA6FAB,Holmes,Huff,23
H0B6B3,12,76604,4410.16,A128AB9B-86C6-AC7D-D78E-88A1518636AC,Hedley,Dixon,17
L3G5A7,6,67856,3065.58,B48D1EE9-5EEB-B2DD-9137-32B9412B613B,Calvin,Horn,27
Q3W3P5,20,83316,4080.96,796436ED-24C7-BA6F-9699-5C299D81B156,Warren,Vance,8
E5B6B7,9,54792,1790.98,BE8D47D5-05A9-4766-3653-115C227709B8,Arsenio,Walton,26
J8Q1L1,11,67972,2399.95,B683ADF7-2937-B101-38D6-1772138E1181,Thaddeus,James,8
O8L9A8,4,51824,2211.14,4B218BB7-E32C-C2EF-7D6D-E3E118816D33,Lee,Michael,11
A8X8P6,15,74757,1658.79,17806176-4D91-0EC6-7BCD-129D8933DB82,Hakeem,Valencia,25
G4U5O7,13,69646,3916.14,E61C42D3-29D8-BA42-12DC-8B6E92B9EAE8,Rahim,Randolph,22
R7Q2I4,15,70268,3397.77,67D11CF4-F508-C847-89BB-32AA2D7E9905,Rafael,Meyers,8
K7O4B5,10,58696,4987.98,7941B767-B1CC-8D37-03A1-497D5D4735DE,Ezekiel,Hancock,9
C3M7T7,6,87224,1949.34,30BAE41E-47CD-48E9-A764-83215EB839DA,Ciaran,Townsend,12
T2G1P4,12,77418,3336.55,60EE7496-2D7A-E411-3CAE-6DDBDC5D2524,Sylvester,Robertson,17
N5C0W3,17,55096,4144.30,DE3CEB2A-18B2-CE12-4C98-079C627944E7,Cairo,Rose,22
V3J4T4,2,66757,3861.69,A5ABF461-1166-826E-1D4D-8C89D289DC32,Philip,Koch,17
V4E7R3,12,67525,2650.41,8B3FBC9B-99E4-6D2A-6A4B-5D6426869E27,Xavier,Harrington,26
C5O0G4,16,75654,3600.83,E341D754-9E9B-1AF2-7B61-64EA8C93F413,Ahmed,Morin,22
U3V0B6,18,56578,3761.46,D918B931-3FEA-64AE-72E1-18E208366096,Ezekiel,Sweet,21
R2B4B7,2,60859,1969.40,9D610473-536A-9971-5BC8-95335C67A2B5,Samuel,Barlow,11
H4B8Q6,12,83328,3598.94,A36BEB63-58E4-4A7E-2627-FE567AC4F0EC,Nathan,Holden,21
Q8K3L5,3,76979,3285.17,E5C20C25-28B8-A9AA-7DCD-0C0C08FAC4E2,Ishmael,Stevenson,16
M3T3I4,18,79985,4636.20,DB65EE76-E449-E1A5-7EF9-9BC6D5B4DB03,Stephen,Dudley,7
D9O3Q2,3,65439,3026.55,E6745A3B-F928-3944-6365-C54363623731,Gannon,Mendoza,6
D2H2Z8,13,50468,3948.95,D654C984-E9D8-1837-C04B-2E7B9C7CAA31,Preston,Copeland,12
Y5U4K6,4,66298,1633.97,A6AAACFF-A7B6-B5BA-E6E1-C11B95BCA403,Hector,Prince,27
D1W1F4,3,67102,1579.24,7A99BCBB-81F2-97A1-6158-8924D5D3ADE2,Gannon,Gentry,8
K2E4I5,9,83916,2989.57,74649696-B646-8F21-4F7D-D62864E51898,Bevis,Sutton,18
B2I7T7,8,59607,2100.74,53835814-310E-D0B4-1802-515D7E85A584,Mason,Greer,20
G4W2J2,9,57221,2330.35,A49A900B-5938-8655-18A1-5FF48B3B3B13,Martin,Webb,22
P3D1W1,7,62906,4648.14,19C23CA8-EB73-C559-D40C-9335D7B039F0,Chancellor,O'donnell,7
G8R7Q3,13,80410,4736.32,43AF12BC-D814-26D4-519E-A95DA1FCC1BC,Mufutau,Patterson,28
S7Q2N9,9,81762,3811.04,DB09A2E8-70FE-77B1-488E-1E6E2919BEAD,Tobias,Cummings,12
X1P6D6,7,56351,3179.43,4EA51939-F1E9-2937-F6D3-E6CD8B22B22D,Adam,Maddox,8
M2E8C3,16,59118,4734.20,9838E7DA-4F57-DE7C-EAB3-BE63A8C4A5A0,Cain,Booker,21
W3O2U2,12,62477,4031.66,70C4D86C-E675-B692-9875-3058289C4782,Malcolm,Guerra,29
O8U3Z4,6,60232,4696.38,DE843E50-D864-548C-E46B-14B2D670C902,Dennis,Boone,19
X4O7U8,13,69904,1562.44,44C4CD5E-16CA-612A-53B0-0178A694367B,Matthew,Wilcox,26
A3N3F6,3,69500,4354.03,DB8CE6F8-98CB-A718-281D-A2B58432899D,Kieran,Doyle,20
P8Q6F2,16,85950,1854.14,3D8A5A90-ED28-6E85-E472-8D6B755AAA93,Fuller,Hess,13
P9P4K2,20,65313,3576.55,7987A93C-3A72-9C8F-7DC8-A88CCE757E24,Isaiah,Nash,11
C5I5P2,6,53299,4492.79,860C4368-34B5-B5BA-DEF8-7690385D2415,August,Becker,9
Y2D2P2,13,71459,3469.59,9CCDA7CB-AD59-EBEC-CB50-79CBB818C95E,Kenneth,Pena,19
V0E9M2,19,53601,3344.66,464C46DD-74F5-91BD-CC6A-657FBA752530,Dillon,Tanner,29
Q8X3D9,15,74251,4984.40,AB327A80-7968-7C3F-9D2C-841B572182AD,Tyler,Fields,8
G4H6X4,13,50061,3898.04,DC390444-27DD-7DE5-DE95-A672531BDCE7,Joel,Atkinson,21
D2P2W7,13,67787,3750.63,2B7CEA1D-AC0C-0EC9-3C95-8880160E42F1,Brock,Duffy,27
D2N1V5,2,71457,3053.68,50F2E829-8523-6A84-00BE-ADC56C7A3EAF,Gareth,Bright,17
Y2U7H6,19,76370,2254.52,88D898CC-11DA-A485-5C12-63AEAF94372B,Bert,Mason,11
Z1D6P6,10,50302,2175.69,D76A76C4-BE92-4EBE-16A1-4DA53C6DC687,Myles,Patrick,11
Q1I2F4,14,63809,4186.47,770405E1-A647-92E2-D5CB-FC8C3BD53986,Brody,Oliver,8
S8T2X8,19,89061,4623.18,349D6215-6AC9-707E-CC89-7C6265B85786,Neville,Stone,26
R1P8R2,15,84174,2969.21,594B96CB-BEB0-8E8C-BB32-23FDC69BD17D,Oliver,Grimes,25
T8M8I5,4,61492,2714.55,A3F68926-31C6-94D7-A2A5-B15A56849B8E,Damon,Charles,26
V2H5E4,6,70208,2916.80,0DEA254B-1C0E-7AF4-FE2C-995C82A7E151,Valentine,Bell,17
I5H5C9,15,88924,4841.83,A28639F3-C615-AC32-2399-B6A9A4D41769,Dean,Richardson,10
Z7J1F7,7,81255,1962.90,BC813834-C972-065D-2D78-EC65E06A1B29,Odysseus,Wagner,13
O8L5K6,9,62406,3196.69,33569806-D8F5-B7E8-9DA3-135C2730C6C5,Kadeem,Becker,23
X6E9I3,11,83429,4926.46,31619CC6-015E-92BF-A194-D2F22801AA3E,Branden,Buchanan,30
N8V9L8,16,56433,2380.19,20CB118E-C151-6972-45AA-88767477F2F2,Kareem,Stanton,6
O7D2S8,18,72451,2211.93,88A119A0-C555-69D9-7AB9-1910F5B6D9E9,Curran,Moody,9
L7B1U4,2,75123,3282.97,808D3FCD-7878-DDDA-438F-A835438603CD,Colt,Boyer,15
F7X1A5,19,81008,1787.56,6A7AEBB3-8716-4AA1-1210-A06E272BF364,Herman,Morgan,10
X8Y9S2,16,68580,4928.02,EED265F5-B8DC-048E-2935-8822C6CCE933,Kirk,Lucas,29
E4W8H9,15,81644,3051.06,E3857011-858F-A177-BCBD-75B8CD631427,Paki,Morris,15
H1M2Y4,9,81911,3537.90,A278C4F2-A0B4-CDFB-76B4-DC2634B73409,Clarke,Pope,25
L5G7F4,19,75868,3555.22,22C2BA86-6EE6-BF02-771C-3A63441711AF,Burton,Solis,14
G2G5G1,4,60686,4101.76,D7788ACB-0B51-1764-739B-5880F9D2D5D8,Griffith,Potter,13
H3Z8Y3,11,76144,3838.74,C25509AA-3CBC-B158-9E2A-6DD4CA912063,Erich,Mendoza,18
Z8M7C5,9,89347,4523.27,A3420AD6-873B-1C6D-5843-B748904C6AB0,Cameron,Rush,29
B7B3K4,3,55639,2449.27,3737E23C-811C-63EE-5F3E-586207B21951,Wylie,Marshall,28
L7O5R8,11,82967,4108.29,33D9A687-EF4D-16B5-DA5C-559D661CC59C,Dalton,Gregory,18
S7E2G9,20,85302,2836.56,38877FBE-0A69-18DA-C1DB-0ACA6BF4538A,Dillon,Griffin,10
V7F6E7,2,67109,2408.23,A93777BD-CDDD-D966-EE15-4AAB7A3EE5A5,Solomon,Holman,26
B4H9M2,7,73172,3537.81,2DCF5525-8CCB-7C31-A9AB-7BD5A676F7BE,Quamar,Johnston,25
N2O0U1,14,85986,4421.48,D187A84D-13D6-8DFC-E541-5894D484B1DD,Ezra,French,20
G3A2X1,7,60313,2464.47,9EAE9827-0BAE-BD5D-9CC3-721EDC1895E9,Raja,Branch,21
M7O2E6,17,72143,2370.94,7CC016F5-5061-62CC-8786-0AF081B2E3C8,Wing,Moreno,28
Y7V9V5,15,85033,3201.96,D681B961-1994-3182-D1FB-3477E39C726D,Addison,Norman,27
S7A7V4,3,71732,1791.67,AF274EDF-01BC-9242-E808-3EC794F240C4,Salvador,West,28
J6Z0A1,13,65286,2199.03,553300A2-179C-D281-977E-C7BC33C5D1D6,Fletcher,Brown,12
C4P4I7,5,63745,1515.71,83353811-E68C-7D97-3543-16F7B197ED5A,Jermaine,Osborn,25
L2U4V9,17,51823,2221.38,4B9D9733-8C82-395A-7903-F3ED356EA8D6,Alvin,Pickett,19
E4Z8S7,5,70275,2282.53,3061E46D-7DC8-2839-21C4-3206724F4065,Oscar,Hutchinson,23
P1S3I1,7,85400,4695.38,867D50B9-B347-5BE3-CCA1-2229A2883F73,Gavin,Ellison,26
G6E4D1,5,82302,4036.97,C1A7CBEA-1B08-A93B-DE65-13EE2D0D008D,Porter,Carey,28
E3C3O3,18,89690,2914.29,636D3BE7-B926-DCB2-6018-6E588856013B,Merrill,Tyler,22
V3E1G3,6,76147,1983.94,99CC2B83-779A-8F29-9285-1346204E6FB8,Ferdinand,Dudley,26
I4B6I7,8,77073,2508.76,E7BEFD6C-E444-631D-A617-6B48A4276697,Ferdinand,Moses,20
C1U9L0,5,66355,2850.01,A0EC9D55-ED41-5ADD-892B-8505EDB8CAE5,Amal,Trevino,29
L6W2E8,12,61959,3831.09,555E1DD9-52A3-61F6-D2D7-D706B4DA81CC,Arthur,Kent,15
K1G2I4,12,89629,3321.53,9B6D9C59-A4C6-E4B3-CACE-2BA38E68E533,August,Austin,21
Y0H1Y1,2,65429,2158.45,AEE630F6-4388-3AC4-D9E7-A9D7757124D3,Cole,Hooper,11
K0L8W3,5,86705,2702.81,A9F21664-7E34-5BD0-E751-D17A40E7815A,Joel,Martinez,17
D2C3F5,17,57641,2156.88,19C84E5C-B290-3F46-C921-28C58B9BC684,Marvin,Grimes,14
Y3Y5W5,13,59983,3494.64,0AAEE377-C8CB-CC59-12F1-DC2798627632,Lars,Hobbs,26
Y3L7G4,9,59567,3067.84,BB8E5380-D73B-5C7A-BA2E-7B62E407CEBD,Theodore,Vazquez,25
D1D7S9,2,81255,2361.29,5985C6F7-C627-434D-4E2F-246663D65BD1,Joseph,Spears,14
T1E3V8,5,78247,3249.74,FE9896E7-A396-FAA0-17E9-34EB1C86C528,Kasper,Lopez,28
K7Y4U5,4,65520,2223.09,CFB7AFDD-E1D4-C620-9225-A7C693791D4C,Lamar,Keller,11
O7F3P3,14,59189,2917.95,2B01B3C8-2DAC-E826-CA13-9984489CDC92,Sylvester,Gilliam,20
U2E7Q2,17,59608,3547.90,1CE6DDA9-FBCD-AE5C-FEC1-C2696FA1128E,Jesse,Blanchard,19
D6O3S7,3,55588,4316.07,F526697F-2B47-97E9-5BAB-3E4A9075E959,Knox,Wilder,22
E4A3V1,10,63223,1878.74,34499C97-2744-A85C-E7EB-5ED16E9552FE,Jamal,O'brien,23
K3L7K1,11,86954,2285.90,779AF26B-7AA8-E97E-9E9B-ACE7E74CE467,Joshua,Kinney,14
K5Y3V3,15,72455,3876.21,263BF2B4-26AB-D555-9CE8-F68A1A4EDF46,Kadeem,Jones,22
O2L5I6,8,71380,2560.82,E1231848-7C12-387B-93BD-0D43B5684B3A,Adam,Gordon,24
P2T0D1,4,64447,4266.04,905C3E59-7B17-39C9-48E6-13D66F30B267,Octavius,Knapp,17
K2S1D7,6,57068,2805.77,7C54FC5B-5658-F0E9-5A63-1F68803AC5D8,Rudyard,Morrison,20
J5Q2I3,13,79650,2883.32,32D25618-6C1E-EA57-C72C-B8FD83CB2870,Channing,Dotson,24
Y4O7U3,9,71939,4805.99,DD594E1D-59DC-DEBE-9245-774DADC2E5F9,Derek,Clark,21
R5H5U4,6,72292,1749.33,1F3D3BEC-6B92-AC73-1347-CA8AED179999,Paki,Walter,12
O8H2Y7,12,85455,1718.16,5B4BADD5-0C30-D5B6-6E66-84DA2587555F,Devin,Decker,8
O7Y5O9,15,79255,3680.14,1DBBBCC8-41C7-B4A3-2308-1FED759C9537,Clarke,Bradshaw,16
F6V4A6,3,51313,3715.07,A46343B0-B7E4-882D-259F-F537D26A3CB5,Lee,Wright,16
I1F5Q3,18,87232,1840.45,AFA9D168-6405-4E89-912E-7F21B0174A07,Isaac,Whitney,5
T3L2V7,5,65209,3586.66,BA8E3E3B-8817-B60F-536F-42CA72E73580,Cullen,Henry,15
P8H0E5,19,52343,4838.33,C24D1394-BAE0-5F4A-F188-85B4A4317F55,Amery,Melton,17
Y4D9L2,14,72651,2066.51,ED721B68-DC81-1660-7E99-12F9E7A9C5D9,Logan,Lawson,18
Q6W2I3,4,59418,3089.88,84F62802-CF37-F121-554B-5CB75D2A5171,Denton,Estes,6
I1I7H0,16,86111,2800.07,3BD36555-9AB5-E655-1480-10E817BFC8D6,Vincent,Becker,9
R1N8G3,5,73766,1945.38,EC24FE11-AC2D-EFBA-D2AF-C7164393AA18,Hyatt,Maxwell,12
D6R6H7,9,68080,3525.53,52B56709-324B-4199-5C32-8DC903723715,Cairo,Foley,26
U7F4G4,17,80248,3583.64,9518EC39-4481-C11D-9C6A-D5EEB1246311,Thane,Bass,9
V3C6C1,13,75902,4221.68,E74D643B-77CD-9FB9-754E-445C208667E5,Kenneth,Barnett,6
T9F7W5,1,65913,4373.97,31EA4F47-268C-0A7D-3DAA-1D98DE59B2BE,Kennedy,Nash,19
W5H1B1,8,63863,3610.21,9869F43B-D1F9-D55E-92D5-8161B8C41E13,Seth,Hodges,22
X7F9M2,3,84140,2931.29,7CD726AE-14A9-69E6-1AEC-BEF1DFED102A,Reuben,Walters,11
L3X1R5,6,73058,1872.21,4E43AD30-5E35-5C7B-A501-5AEAA1A710AB,Solomon,Hoover,8
R1I8U4,20,53288,1742.07,72340A69-06CD-1294-D900-E459C4417C21,Zachery,Albert,28
M3J6T5,8,63505,4516.51,DC7613C3-2076-3E0E-28B1-A3306C70EDD3,Hayes,Cruz,13
R8J7L4,2,87046,2935.83,0133588B-959C-71E7-C6E6-396E4EF86348,David,Grant,28
P8F9L6,17,86869,1855.73,43252D5B-331C-9940-E424-5421ECC99C48,Amos,Bean,16
L8V8Q2,13,54281,4461.60,9FC34C55-4D2C-A569-3499-6D450738D366,Paul,Mccoy,12
F2L2H1,18,72717,2370.57,6487DDC1-B810-80EE-1069-2211F41436D3,Christian,Hogan,7
T4Q8C4,13,60750,3117.91,67790112-9CFB-85CE-C617-19E3A06E124D,Hop,Fields,10
Y0F3C3,14,59447,4770.17,D3373472-34BE-43A1-4DD8-894DC753E3D9,Jack,Morales,26
G9D6X9,17,57773,4085.96,75CE5659-7955-C1F4-C2C8-B84AC6184EAB,Kyle,Bates,15
B1J7M7,9,52046,3323.89,A15041EC-36D6-26DE-E34E-4B218173DE3D,Sean,Leon,8
F5W1J2,3,73134,3940.50,9EA978AB-0C7B-CA19-5299-A8686C71C29E,Thor,Mays,25
H5V2V3,9,52672,2296.76,7B1F1315-2297-CAE9-E39A-C9EE795231EE,Conan,Simmons,22
V4V5C3,7,71142,3859.67,A87593DB-0B95-43C3-D25B-7AA1FE924ADA,Christian,Dean,29
I5I5A0,3,57376,4560.76,85B182D9-0D8C-66C6-E64A-33147929FADE,Galvin,Collins,26
G2O2E3,12,67752,2099.63,E4C97354-8572-1295-3B9A-A6B127D0534C,Gavin,Roberts,27
W3D8W2,17,60166,2888.30,819ABC71-3B91-B8C1-5A37-2C17DCACD249,Baker,Mercer,8
R3G0N1,18,76704,4843.30,2CE45807-1722-40B9-C909-07A227D9E663,Dylan,Barker,12
J4Y3X5,16,65915,2473.34,993262E8-A8F3-D110-769D-C4EA4882D418,Cain,Mcfarland,17
Q4X5H4,14,61960,4198.45,497BB788-E629-4D9A-F471-0936AACD53E6,Jackson,Park,16
E5R5F4,4,80569,4314.67,5C1B4155-38C2-BC2C-9869-1DE6D71ECCEA,George,Abbott,27
D9X0B7,10,74843,1518.97,ADEEB7AB-A9CC-9947-9513-ADB332C02F7F,Dante,Bradford,23
L2F5R1,7,65267,1779.43,40CE36A4-16D2-9EB4-E2A1-B027CE0D885A,Barclay,Vinson,13
H1P4H5,15,73205,3684.41,571C3372-534B-5611-9C71-E61E734DA257,Alec,Woodward,16
T8H3X2,10,74090,3769.48,656CBE63-96F8-3409-C894-469B574285BB,Wylie,Garcia,20
H7Y4T1,1,68820,1596.97,AA5FD845-C598-52C7-2F7B-044C7FE5BDA0,Cruz,Waters,11
F3C7K4,15,55938,3736.31,8AC4A358-A76E-5BBE-DB09-CC82DA1E63BA,Holmes,Marquez,25
N7L7R2,14,65528,3855.33,F14187EC-F350-C665-0A15-E9C75A252DD1,Thomas,Burt,8
V4P0I1,8,83895,2690.30,E30FF816-623F-E570-D936-E65238BA517B,Reuben,Henderson,30
H2S6C6,9,71335,2042.93,AE169C19-1D38-A7D5-4E7D-33DC5EAE6E5A,Wyatt,Davenport,16
S8P1E8,6,73108,3849.14,04C3C95E-3EBD-9C19-7B1F-7CECE0F7156E,Holmes,Cote,30
U4G9I3,15,51708,2520.20,72176CE7-A38E-AC10-0047-DA6E0D7983BE,Harlan,Sosa,11
F0R6V5,7,76471,3475.53,985E23A7-496A-B333-6A12-3E950899A13C,Felix,Maynard,15
V4I8G6,17,81670,1961.97,81402EFD-0775-EDE8-5A8B-E132E39731BD,Noah,Green,12
Y3G8M2,17,56560,4107.48,4D284A59-7E7E-9A2C-F76D-51151B365EE8,Silas,Mooney,16
B9D1C2,18,67810,3414.42,1B4771AB-25BB-ECC9-D543-55D4DDB637A7,Benedict,Moody,12
T2G4U3,6,58164,2267.73,8741BA2E-8411-9D63-7F3C-4F838DA28057,Perry,Peck,11
P1O6P2,4,74379,2896.13,A22D7C1E-5E46-94E0-6518-214A7B6EB817,Hamilton,Solis,30
U6U6N4,18,81593,4514.47,44B5720F-9369-7E04-43B7-3BA0E366B145,Paul,Dennis,8
E1V8S3,5,72939,2686.82,C25CC1D2-BCBC-97DF-667C-FB48EDB5CA83,Dorian,Berger,12
V3F7I4,3,69937,4370.93,89A271CE-DB0D-263A-9113-BF5A7033BB27,Elvis,Ayers,21
G6L6L2,2,52996,3118.09,E8B64482-918B-6D23-819B-8A48BFB2EAE1,Luke,Tillman,24
C8W7V4,18,60925,3771.25,35632108-778C-661A-25F4-BA68E2397DED,Hakeem,Johnson,19
T1S0I5,11,80020,4476.74,18539999-BDA2-EC2F-78B3-97BE6487394E,Jelani,Tran,7
B1U7J5,14,57492,1646.28,2E084A5A-A955-2A40-CE55-A433A7D9AE9C,Hayes,Knowles,20
E7Y5Z6,17,54732,3531.71,DBE8916B-D3BB-A626-22E6-9DAF1563B5BD,Devin,Dodson,12
B6W6A6,11,72521,2928.19,BF4834CD-AB89-C530-35FC-E96495A31C8B,Wang,Cote,9
L1T8C6,8,67356,4121.79,9A261373-7104-97B3-73DE-24A662C0E46B,Caesar,Warren,22
M3C2Q3,9,88744,1605.95,BE2A95C8-B677-F9C8-9A28-156EBFF1D598,Allistair,Herman,22
B5T7F2,1,65544,1985.21,2C132BFC-432B-C2F7-E4DB-4F90B03F4E06,Dale,Aguirre,25
L0B4F1,15,71755,2185.76,AA64B446-A42F-4B3C-4D38-AD0A6160D58A,Matthew,Cooke,20
U5R2R2,8,54035,3411.85,C553DE93-D714-17EB-E5B6-BF62F8B0CB3C,Thor,Vega,30
G3O8F3,4,82977,4771.43,062C5D4D-3D77-5052-E685-7C7069632404,Harper,Lane,13
J1Y9Q8,12,81703,4142.62,FA16F2C4-1389-BD1B-5DF2-5B21C846E957,Fuller,Tate,20
O1J7Y7,4,71866,4493.84,2BEF952D-F1C2-9E4D-A253-6630690C7849,Brandon,Gilmore,27
J6Q1E3,9,82196,3839.76,AC018CD7-75F1-3707-4264-5C17A89FC43C,Hilel,Schwartz,15
K7P2S8,6,77554,3236.67,1199C729-017D-57C8-16E7-22DB54DD2661,Hakeem,Hodge,27
F1M7P4,15,67294,2072.32,4A3A34B3-A1C4-1ADB-37B7-B984334071DC,Honorato,Robinson,18
B0P6J3,4,64254,2824.43,1C3715C3-D266-98DB-52BE-74DF046C8393,Cooper,Roberson,12
N1T1M6,15,55658,2642.12,3588AEC7-4195-8A44-11CF-173CAAB7FF27,Vladimir,Spencer,16
I7Q8Q1,1,81610,3164.23,5F54AF87-BDEE-8AE9-86A3-63775646BADA,Justin,Reed,9
R4Q5H4,19,77557,3329.68,72412276-785E-8F7E-18CE-0CA75286E7A8,Colin,Porter,6
T1Q6K1,9,68389,2923.46,A877D584-7F08-F304-A639-77E61939A342,Boris,Macias,11
O7V4W7,6,86638,4071.83,5DAD0D43-6335-98EE-920A-B64B54E3CA94,Cody,Lowe,9
I1X7K3,9,54975,3101.07,87928562-74E2-6593-81CD-A456B8A6EFCF,Drew,Wooten,17
U8I6B5,8,78198,2086.36,B68468F6-CC6B-35E5-0B45-7D7A3682AF2A,Nathan,Galloway,8
D8L8O2,17,57229,4999.30,CA6E4636-66CA-1A4E-7D21-445ED5DD56DE,Colt,Juarez,19
J5C6V1,4,79478,1606.47,5CE94414-EC3E-6209-686C-568EF62ABE2B,Dorian,Bruce,21
F7S5G1,12,81051,3575.97,5C7DE546-F876-B193-8894-965362843B52,Austin,Sharp,13
C8Q6E7,7,73266,4478.34,6D49C5C6-F57D-DD85-8E18-7534BE408DDA,Price,Sparks,14
N9G2W7,12,77430,4866.24,C953919C-1F83-772C-1AE7-622581E7CE1D,Brent,Hatfield,19
G3O1O8,16,59206,3908.63,BD36EE21-206D-A142-4130-53ADDB4AD889,Honorato,Bridges,9
A1H2B1,7,54054,3468.20,1909D04C-F778-46D1-189E-5B7F36C8A5B4,Walter,Le,8
K0X4N6,9,85578,4634.28,38E72811-8829-B412-5C41-2B3831CCFE11,Stone,Merritt,12
Q7B3J7,2,74306,2947.22,583A51EB-6EAC-C271-7431-0D59962BB8D4,Graham,Fuller,15
N4K8P6,19,55678,2053.43,05537B59-4D13-6861-F632-A551EDA484C3,Fletcher,Nielsen,8
U6O3E5,14,54835,4750.86,3A1F5A46-807D-4441-5502-A40179FCA24F,Logan,Huff,24
L2G1L5,7,76971,2166.81,A988E705-8ABA-55BB-2C0E-B78DB446C6B3,Martin,Chavez,27
B2J5Y2,6,77983,3778.07,17D708EE-5BED-BC56-75FA-D72EEA34C927,Graiden,English,15
T6N3M9,16,52704,1728.05,4C43D39C-23B6-A751-34C8-DB93CEA7A796,Dylan,Bryant,17
J9G6I4,18,64518,1891.53,D4F2D8C1-4AE4-0D9A-9446-D63396D546CC,Raymond,Middleton,23
I4N1H4,10,65362,2499.61,EBE47414-1908-1139-1AC4-728C69C456F1,Marsden,Robbins,7
E8R5O4,11,64610,4248.15,2D444A7A-ECF9-1D58-7A47-B3F062D98E8D,Bruno,Ashley,27
S1M0V4,3,69128,2005.84,DE523B1F-06E6-A91F-0444-E53DA0BE57AF,Beck,Mcpherson,7
V1O6U6,4,50669,1933.83,CB28337D-FBAE-29D3-52D1-BB794728CCF7,Ronan,Duffy,9
F3X3T4,16,58754,2073.91,B7AC9554-D4AB-4BB8-F7AA-A265CE247C29,Norman,Crosby,26
C8Z2K4,9,74307,4581.42,E611DF3E-FB12-6922-8A37-3431AE6B6882,Chadwick,Battle,13
U8Q6Y6,10,54842,3510.76,262D9D20-F29D-8A27-61D5-954352D5FA08,Victor,Henson,10
R1M6G2,6,77430,3334.39,A65372DF-A81A-6FD5-5113-A854EB3D08D8,Tyler,Wilcox,7
M5X9E2,12,57852,4657.72,57215C87-1CC5-1C14-8946-FCB54A87E9DB,Jelani,Norton,9
J7X2R7,3,69813,4199.63,12FAC453-38FB-38DA-54D5-ABC7D1C5D8FE,Phillip,Bernard,11
F8P5F5,13,84309,4223.88,B49A01EB-DDC7-CEB2-33C2-61C52B3A0F66,Price,Contreras,21
G9L3G0,12,65593,4186.16,6CAE6EF9-7A17-AFA0-2984-D8E2C3C6A89D,Yardley,Barry,21
Q9B9V1,13,65568,3205.90,EC7A40D5-53E4-6DCB-4638-7969BAF518AB,Graham,Cardenas,20
X8N6Y6,1,85885,3903.72,9494CB1C-624B-C749-4986-53D624D6DA0B,Neil,Combs,25
K7E9D5,3,80140,4957.42,2C4C63EC-C52A-5C75-988F-5D68FE7A4E9E,Patrick,Rivers,11
A7H3U1,1,58778,4629.61,FFC384BD-385B-417A-FD03-FA647EB814B6,Benjamin,Elliott,5
V8T7G6,3,60497,4732.39,E2B293B6-BDB1-AC76-D3BF-D949AFB549A7,Giacomo,Hale,21
G1W5C2,2,52312,3921.17,FB91BED7-2CD6-6467-9FB3-219B3E759FBD,Roth,Bernard,8
C2Z8E2,18,75557,3382.97,671FC9F8-C043-F031-3793-7D5C4A32DB21,Emmanuel,Walker,23
